pos_threshold,pos_area,neg_threshold,neg_area,n_votes
0.6769477887071854,0.0061452462806026,0.3217085150693544,0.006140864062012658,877
