pos_threshold,pos_area,neg_threshold,neg_area,n_votes
0.6590402579352252,0.40169494713938303,0.3350685241450643,0.420532514361191,103
