pos_threshold,pos_area,neg_threshold,neg_area,n_votes
0.6324372883698431,0.3604677657420789,0.3655265587354484,0.36027071874279426,129
