pos_threshold,pos_area,neg_threshold,neg_area,n_votes
0.6479768044796226,0.680518286393989,0.3501111789889557,0.6652762377373599,300
