pos_threshold,pos_area,neg_threshold,neg_area,n_votes
0.6917568470273882,0.18775129071732838,0.30493686198995124,0.18780461173982585,300
